region,wineries
Aconcagua Valley,San Esteban
Aconcagua Valley,Viña Von Siebenthal
San Antonio Valley,Casa Marín
San Antonio Valley,Garcés Silva
San Antonio Valley,Leyda
Casablanca Valley,Casas del Bosque
Casablanca Valley,Veramonte
Casablanca Valley,Emiliana
Casablanca Valley,Matetic
Casablanca Valley,Loma Larga
Casablanca Valley,El Rosal
Casablanca Valley,Indómita
Maipo Valley,Baron Philippe de Rothschild
Maipo Valley,Carmen
Maipo Valley,El Principal
Maipo Valley,Odfjell
Maipo Valley,Viña Maipo
Maipo Valley,Santa Rita
Maipo Valley,Sur Andino
Maipo Valley,Viña A & A
Maipo Valley,Haras de Pirque
Maipo Valley,Gandolini
Maipo Valley,Concha y Toro
Maipo Valley,Santa Carolina
Maipo Valley,Cousiño Macul
Maipo Valley,Piedra Sagrada
Maipo Valley,Domus Aurea
Maipo Valley,Santa Ema
Maipo Valley,Pérez Cruz
Maipo Valley,De Martino
Maipo Valley,Palo Alto
Maipo Valley,Besoain
Maipo Valley,Tres Palacios
Maipo Valley,Forajidos
Maipo Valley,Chada
Maipo Valley,Los Quiscos
Maipo Valley,Aquitania
Maipo Valley,Viña Teillery
 ,Vinos Baettig